sample_id	species	hifi_bams	hic_r1	hic_r2	ont_ul
F5457	STGR	/scratch/gautschi/blackan/GROUSE/grouse_asm/raw/HiFi/F5457_m84221_260821_102304_s4.hifi_reads.bc2169.bam	/scratch/gautschi/blackan/GROUSE/grouse_asm/raw/Hi-C/F5457_AAGCATCG-CTGGAGTA_L008_R1_001.fastq.gz	/scratch/gautschi/blackan/GROUSE/grouse_asm/raw/Hi-C/F5457_AAGCATCG-CTGGAGTA_L008_R2_001.fastq.gz	NA
F5462	STGR	/scratch/gautschi/blackan/GROUSE/grouse_asm/raw/HiFi/F5462_MERGED.bam	/scratch/gautschi/blackan/GROUSE/grouse_asm/raw/Hi-C/F5462_TTCACGGA-TCCTACCT_L008_R1_001.fastq.gz	/scratch/gautschi/blackan/GROUSE/grouse_asm/raw/Hi-C/F5462_TTCACGGA-TCCTACCT_L008_R2_001.fastq.gz	NA
F5463	STGR	/scratch/gautschi/blackan/GROUSE/grouse_asm/raw/HiFi/F5463_m84221_260815_082108_s3.hifi_reads.bc2171.bam	/scratch/gautschi/blackan/GROUSE/grouse_asm/raw/Hi-C/F5463_GGTGATGA-CCACTAAG_L008_R1_001.fastq.gz	/scratch/gautschi/blackan/GROUSE/grouse_asm/raw/Hi-C/F5463_GGTGATGA-CCACTAAG_L008_R2_001.fastq.gz	NA
F5468	STGR	/scratch/gautschi/blackan/GROUSE/grouse_asm/raw/HiFi/F5468_m84221_260811_184454_s1.hifi_reads.bc2172.bam	/scratch/gautschi/blackan/GROUSE/grouse_asm/raw/Hi-C/F5468_TCCGATCA-CTAAGACC_L008_R1_001.fastq.gz	/scratch/gautschi/blackan/GROUSE/grouse_asm/raw/Hi-C/F5468_TCCGATCA-CTAAGACC_L008_R2_001.fastq.gz	NA
F5472	STGR	/scratch/gautschi/blackan/GROUSE/grouse_asm/raw/HiFi/F5472_m84221_260815_082108_s3.hifi_reads.bc2173.bam	/scratch/gautschi/blackan/GROUSE/grouse_asm/raw/Hi-C/F5472_CTATCCAC-TTAGGCGT_L008_R1_001.fastq.gz	/scratch/gautschi/blackan/GROUSE/grouse_asm/raw/Hi-C/F5472_CTATCCAC-TTAGGCGT_L008_R2_001.fastq.gz	NA
F5478	STGR	/scratch/gautschi/blackan/GROUSE/grouse_asm/raw/HiFi/F5478_MERGED.bam	/scratch/gautschi/blackan/GROUSE/grouse_asm/raw/Hi-C/F5478_GGTATAGG-ACTCAACG_L008_R1_001.fastq.gz	/scratch/gautschi/blackan/GROUSE/grouse_asm/raw/Hi-C/F5478_GGTATAGG-ACTCAACG_L008_R2_001.fastq.gz	NA
F5480	STGR	/scratch/gautschi/blackan/GROUSE/grouse_asm/raw/HiFi/F5480_MERGED.bam	/scratch/gautschi/blackan/GROUSE/grouse_asm/raw/Hi-C/F5480_AGGCTGAA-CGCCTTAT_L008_R1_001.fastq.gz	/scratch/gautschi/blackan/GROUSE/grouse_asm/raw/Hi-C/F5480_AGGCTGAA-CGCCTTAT_L008_R2_001.fastq.gz	NA
F5485	STGR	/scratch/gautschi/blackan/GROUSE/grouse_asm/raw/HiFi/F5485_m84221_260811_163620_s4.hifi_reads.bc2176.bam	/scratch/gautschi/blackan/GROUSE/grouse_asm/raw/Hi-C/F5485_CCAACACT-GACTATGC_L008_R1_001.fastq.gz	/scratch/gautschi/blackan/GROUSE/grouse_asm/raw/Hi-C/F5485_CCAACACT-GACTATGC_L008_R2_001.fastq.gz	NA
F5502	STGR	/scratch/gautschi/blackan/GROUSE/grouse_asm/raw/HiFi/F5502_MERGED.bam	/scratch/gautschi/blackan/GROUSE/grouse_asm/raw/Hi-C/F5502_ATGAGTGC-TATTCGCC_L008_R1_001.fastq.gz	/scratch/gautschi/blackan/GROUSE/grouse_asm/raw/Hi-C/F5502_ATGAGTGC-TATTCGCC_L008_R2_001.fastq.gz	NA
F5503	STGR	/scratch/gautschi/blackan/GROUSE/grouse_asm/raw/HiFi/F5503_m84221_260820_001659_s4.hifi_reads.bc2178.bam	/scratch/gautschi/blackan/GROUSE/grouse_asm/raw/Hi-C/F5503_GAAGACTG-CTAGGTGA_L008_R1_001.fastq.gz	/scratch/gautschi/blackan/GROUSE/grouse_asm/raw/Hi-C/F5503_GAAGACTG-CTAGGTGA_L008_R2_001.fastq.gz	NA
F5540	LEPC 	/scratch/gautschi/blackan/GROUSE/grouse_asm/raw/HiFi/F5540_m84221_260815_103321_s4.hifi_reads.bc2179.bam	/scratch/gautschi/blackan/GROUSE/grouse_asm/raw/Hi-C/F5540_CGGTAATC-CAGGTTAG_L008_R1_001.fastq.gz	/scratch/gautschi/blackan/GROUSE/grouse_asm/raw/Hi-C/F5540_CGGTAATC-CAGGTTAG_L008_R2_001.fastq.gz	NA
F5541	LEPC 	/scratch/gautschi/blackan/GROUSE/grouse_asm/raw/HiFi/F5541_m84221_260815_124405_s1.hifi_reads.bc2180.bam	/scratch/gautschi/blackan/GROUSE/grouse_asm/raw/Hi-C/F5541_GAACGGTT-GCAAGATC_L008_R1_001.fastq.gz	/scratch/gautschi/blackan/GROUSE/grouse_asm/raw/Hi-C/F5541_GAACGGTT-GCAAGATC_L008_R2_001.fastq.gz	NA
F5542	LEPC 	/scratch/gautschi/blackan/GROUSE/grouse_asm/raw/HiFi/F5542_m84221_260815_124405_s1.hifi_reads.bc2181.bam	/scratch/gautschi/blackan/GROUSE/grouse_asm/raw/Hi-C/F5542_CCTATTGG-GGTTGTCA_L008_R1_001.fastq.gz	/scratch/gautschi/blackan/GROUSE/grouse_asm/raw/Hi-C/F5542_CCTATTGG-GGTTGTCA_L008_R2_001.fastq.gz	NA
F5543	LEPC 	/scratch/gautschi/blackan/GROUSE/grouse_asm/raw/HiFi/F5543_m84221_260821_081306_s3.hifi_reads.bc2182.bam	/scratch/gautschi/blackan/GROUSE/grouse_asm/raw/Hi-C/F5543_GTCTCATC-AGGTGTTG_L008_R1_001.fastq.gz	/scratch/gautschi/blackan/GROUSE/grouse_asm/raw/Hi-C/F5543_GTCTCATC-AGGTGTTG_L008_R2_001.fastq.gz	NA
F5544	LEPC 	/scratch/gautschi/blackan/GROUSE/grouse_asm/raw/HiFi/F5544_m84221_260815_103321_s4.hifi_reads.bc2183.bam	/scratch/gautschi/blackan/GROUSE/grouse_asm/raw/Hi-C/F5544_AGAGTCCA-GACACAGT_L008_R1_001.fastq.gz	/scratch/gautschi/blackan/GROUSE/grouse_asm/raw/Hi-C/F5544_AGAGTCCA-GACACAGT_L008_R2_001.fastq.gz	NA
F5545	LEPC 	/scratch/gautschi/blackan/GROUSE/grouse_asm/raw/HiFi/F5545_m84221_260821_060307_s2.hifi_reads.bc2184.bam	/scratch/gautschi/blackan/GROUSE/grouse_asm/raw/Hi-C/F5545_GACTTGTG-CCTGTCAA_L008_R1_001.fastq.gz	/scratch/gautschi/blackan/GROUSE/grouse_asm/raw/Hi-C/F5545_GACTTGTG-CCTGTCAA_L008_R2_001.fastq.gz	/scratch/gautschi/blackan/GROUSE/grouse_asm/raw/ONT/F5545_ul_100kb.fastq.gz
F5546	LEPC 	/scratch/gautschi/blackan/GROUSE/grouse_asm/raw/HiFi/F5546_m84221_260819_220655_s3.hifi_reads.bc2185.bam	/scratch/gautschi/blackan/GROUSE/grouse_asm/raw/Hi-C/F5546_TCGAGAGT-TACCTGCA_L008_R1_001.fastq.gz	/scratch/gautschi/blackan/GROUSE/grouse_asm/raw/Hi-C/F5546_TCGAGAGT-TACCTGCA_L008_R2_001.fastq.gz	NA
F5595	GRPC	/scratch/gautschi/blackan/GROUSE/grouse_asm/raw/HiFi/F5595_MERGED.bam	/scratch/gautschi/blackan/GROUSE/grouse_asm/raw/Hi-C/F5595_CTGGTCAT-GTTCTCGT_L008_R1_001.fastq.gz	/scratch/gautschi/blackan/GROUSE/grouse_asm/raw/Hi-C/F5595_CTGGTCAT-GTTCTCGT_L008_R2_001.fastq.gz	NA
F5596	GRPC	/scratch/gautschi/blackan/GROUSE/grouse_asm/raw/HiFi/F5596_m84221_260821_035300_s1.hifi_reads.bc2187.bam	/scratch/gautschi/blackan/GROUSE/grouse_asm/raw/Hi-C/F5596_GGTACTTC-CATCTGCT_L008_R1_001.fastq.gz	/scratch/gautschi/blackan/GROUSE/grouse_asm/raw/Hi-C/F5596_GGTACTTC-CATCTGCT_L008_R2_001.fastq.gz	NA
F5597	GRPC	/scratch/gautschi/blackan/GROUSE/grouse_asm/raw/HiFi/F5597_m84221_260821_035300_s1.hifi_reads.bc2188.bam	/scratch/gautschi/blackan/GROUSE/grouse_asm/raw/Hi-C/F5597_TACTAGCG-TGTCACAC_L008_R1_001.fastq.gz	/scratch/gautschi/blackan/GROUSE/grouse_asm/raw/Hi-C/F5597_TACTAGCG-TGTCACAC_L008_R2_001.fastq.gz	/scratch/gautschi/blackan/GROUSE/grouse_asm/raw/ONT/F5597_ul_100kb.fastq.gz
F5598	GRPC	/scratch/gautschi/blackan/GROUSE/grouse_asm/raw/HiFi/F5598_m84221_260811_184454_s1.hifi_reads.bc2189.bam	/scratch/gautschi/blackan/GROUSE/grouse_asm/raw/Hi-C/F5598_ACACGAGA-AACAGGTG_L008_R1_001.fastq.gz	/scratch/gautschi/blackan/GROUSE/grouse_asm/raw/Hi-C/F5598_ACACGAGA-AACAGGTG_L008_R2_001.fastq.gz	NA
F5599	GRPC	/scratch/gautschi/blackan/GROUSE/grouse_asm/raw/HiFi/F5599_m84221_260821_102304_s4.hifi_reads.bc2190.bam	/scratch/gautschi/blackan/GROUSE/grouse_asm/raw/Hi-C/F5599_TCCAGCAA-CCAGTTGA_L008_R1_001.fastq.gz	/scratch/gautschi/blackan/GROUSE/grouse_asm/raw/Hi-C/F5599_TCCAGCAA-CCAGTTGA_L008_R2_001.fastq.gz	NA
F5600	GRPC	/scratch/gautschi/blackan/GROUSE/grouse_asm/raw/HiFi/F5600_m84221_260821_060307_s2.hifi_reads.bc2191.bam	/scratch/gautschi/blackan/GROUSE/grouse_asm/raw/Hi-C/F5600_ATTCCGCT-AGTCAGGA_L008_R1_001.fastq.gz	/scratch/gautschi/blackan/GROUSE/grouse_asm/raw/Hi-C/F5600_ATTCCGCT-AGTCAGGA_L008_R2_001.fastq.gz	NA
